"year","counterparty","state","Sum(cases)"
2011,"Car, pick-up truck or van","ACT",177
2011,"Car, pick-up truck or van","NSW",4679
2011,"Car, pick-up truck or van","NT",107
2011,"Car, pick-up truck or van","Qld",2113
2011,"Car, pick-up truck or van","SA",961
2011,"Car, pick-up truck or van","Tas",172
2011,"Car, pick-up truck or van","Vic",4308
2011,"Car, pick-up truck or van","WA",1309
2011,"Fixed or stationary object","ACT",75
2011,"Fixed or stationary object","NSW",1543
2011,"Fixed or stationary object","NT",59
2011,"Fixed or stationary object","Qld",801
2011,"Fixed or stationary object","SA",402
2011,"Fixed or stationary object","Tas",85
2011,"Fixed or stationary object","Vic",1407
2011,"Fixed or stationary object","WA",493
2011,"Non-collision transport accident","ACT",177
2011,"Non-collision transport accident","NSW",2349
2011,"Non-collision transport accident","NT",198
2011,"Non-collision transport accident","Qld",1969
2011,"Non-collision transport accident","SA",650
2011,"Non-collision transport accident","Tas",138
2011,"Non-collision transport accident","Vic",1975
2011,"Non-collision transport accident","WA",1012
2011,"Other","ACT",108
2011,"Other","NSW",2047
2011,"Other","NT",92
2011,"Other","Qld",1439
2011,"Other","SA",346
2011,"Other","Tas",98
2011,"Other","Vic",1636
2011,"Other","WA",628
2012,"Car, pick-up truck or van","ACT",223
2012,"Car, pick-up truck or van","NSW",4832
2012,"Car, pick-up truck or van","NT",119
2012,"Car, pick-up truck or van","Qld",2332
2012,"Car, pick-up truck or van","SA",911
2012,"Car, pick-up truck or van","Tas",168
2012,"Car, pick-up truck or van","Vic",3730
2012,"Car, pick-up truck or van","WA",1252
2012,"Fixed or stationary object","ACT",77
2012,"Fixed or stationary object","NSW",1624
2012,"Fixed or stationary object","NT",52
2012,"Fixed or stationary object","Qld",976
2012,"Fixed or stationary object","SA",356
2012,"Fixed or stationary object","Tas",72
2012,"Fixed or stationary object","Vic",1218
2012,"Fixed or stationary object","WA",444
2012,"Non-collision transport accident","ACT",207
2012,"Non-collision transport accident","NSW",2506
2012,"Non-collision transport accident","NT",216
2012,"Non-collision transport accident","Qld",2026
2012,"Non-collision transport accident","SA",673
2012,"Non-collision transport accident","Tas",193
2012,"Non-collision transport accident","Vic",1695
2012,"Non-collision transport accident","WA",1124
2012,"Other","ACT",94
2012,"Other","NSW",2159
2012,"Other","NT",109
2012,"Other","Qld",1479
2012,"Other","SA",371
2012,"Other","Tas",103
2012,"Other","Vic",1455
2012,"Other","WA",673
2013,"Car, pick-up truck or van","ACT",186
2013,"Car, pick-up truck or van","NSW",5048
2013,"Car, pick-up truck or van","NT",124
2013,"Car, pick-up truck or van","Qld",2733
2013,"Car, pick-up truck or van","SA",842
2013,"Car, pick-up truck or van","Tas",179
2013,"Car, pick-up truck or van","Vic",3438
2013,"Car, pick-up truck or van","WA",1241
2013,"Fixed or stationary object","ACT",78
2013,"Fixed or stationary object","NSW",1630
2013,"Fixed or stationary object","NT",87
2013,"Fixed or stationary object","Qld",1012
2013,"Fixed or stationary object","SA",350
2013,"Fixed or stationary object","Tas",96
2013,"Fixed or stationary object","Vic",1177
2013,"Fixed or stationary object","WA",460
2013,"Non-collision transport accident","ACT",190
2013,"Non-collision transport accident","NSW",2690
2013,"Non-collision transport accident","NT",271
2013,"Non-collision transport accident","Qld",2414
2013,"Non-collision transport accident","SA",672
2013,"Non-collision transport accident","Tas",196
2013,"Non-collision transport accident","Vic",1751
2013,"Non-collision transport accident","WA",1048
2013,"Other","ACT",119
2013,"Other","NSW",2053
2013,"Other","NT",79
2013,"Other","Qld",1662
2013,"Other","SA",357
2013,"Other","Tas",99
2013,"Other","Vic",1418
2013,"Other","WA",726
2014,"Car, pick-up truck or van","ACT",191
2014,"Car, pick-up truck or van","NSW",5005
2014,"Car, pick-up truck or van","NT",145
2014,"Car, pick-up truck or van","Qld",2737
2014,"Car, pick-up truck or van","SA",914
2014,"Car, pick-up truck or van","Tas",203
2014,"Car, pick-up truck or van","Vic",3757
2014,"Car, pick-up truck or van","WA",1040
2014,"Fixed or stationary object","ACT",72
2014,"Fixed or stationary object","NSW",1589
2014,"Fixed or stationary object","NT",80
2014,"Fixed or stationary object","Qld",1074
2014,"Fixed or stationary object","SA",351
2014,"Fixed or stationary object","Tas",96
2014,"Fixed or stationary object","Vic",1268
2014,"Fixed or stationary object","WA",439
2014,"Non-collision transport accident","ACT",185
2014,"Non-collision transport accident","NSW",2683
2014,"Non-collision transport accident","NT",272
2014,"Non-collision transport accident","Qld",2345
2014,"Non-collision transport accident","SA",741
2014,"Non-collision transport accident","Tas",217
2014,"Non-collision transport accident","Vic",1980
2014,"Non-collision transport accident","WA",1015
2014,"Other","ACT",94
2014,"Other","NSW",2036
2014,"Other","NT",78
2014,"Other","Qld",1569
2014,"Other","SA",375
2014,"Other","Tas",130
2014,"Other","Vic",1518
2014,"Other","WA",660
2015,"Car, pick-up truck or van","ACT",244
2015,"Car, pick-up truck or van","NSW",5005
2015,"Car, pick-up truck or van","NT",182
2015,"Car, pick-up truck or van","Qld",3119
2015,"Car, pick-up truck or van","SA",917
2015,"Car, pick-up truck or van","Tas",199
2015,"Car, pick-up truck or van","Vic",4250
2015,"Car, pick-up truck or van","WA",1100
2015,"Fixed or stationary object","ACT",76
2015,"Fixed or stationary object","NSW",1669
2015,"Fixed or stationary object","NT",83
2015,"Fixed or stationary object","Qld",1135
2015,"Fixed or stationary object","SA",394
2015,"Fixed or stationary object","Tas",131
2015,"Fixed or stationary object","Vic",1250
2015,"Fixed or stationary object","WA",459
2015,"Non-collision transport accident","ACT",233
2015,"Non-collision transport accident","NSW",2657
2015,"Non-collision transport accident","NT",339
2015,"Non-collision transport accident","Qld",2451
2015,"Non-collision transport accident","SA",746
2015,"Non-collision transport accident","Tas",220
2015,"Non-collision transport accident","Vic",1999
2015,"Non-collision transport accident","WA",973
2015,"Other","ACT",147
2015,"Other","NSW",1753
2015,"Other","NT",87
2015,"Other","Qld",1601
2015,"Other","SA",410
2015,"Other","Tas",127
2015,"Other","Vic",1699
2015,"Other","WA",651
2016,"Car, pick-up truck or van","ACT",235
2016,"Car, pick-up truck or van","NSW",5217
2016,"Car, pick-up truck or van","NT",168
2016,"Car, pick-up truck or van","Qld",3380
2016,"Car, pick-up truck or van","SA",1064
2016,"Car, pick-up truck or van","Tas",197
2016,"Car, pick-up truck or van","Vic",4918
2016,"Car, pick-up truck or van","WA",1086
2016,"Fixed or stationary object","ACT",78
2016,"Fixed or stationary object","NSW",1710
2016,"Fixed or stationary object","NT",121
2016,"Fixed or stationary object","Qld",1302
2016,"Fixed or stationary object","SA",387
2016,"Fixed or stationary object","Tas",98
2016,"Fixed or stationary object","Vic",1415
2016,"Fixed or stationary object","WA",410
2016,"Non-collision transport accident","ACT",211
2016,"Non-collision transport accident","NSW",2734
2016,"Non-collision transport accident","NT",304
2016,"Non-collision transport accident","Qld",2376
2016,"Non-collision transport accident","SA",765
2016,"Non-collision transport accident","Tas",227
2016,"Non-collision transport accident","Vic",2174
2016,"Non-collision transport accident","WA",892
2016,"Other","ACT",130
2016,"Other","NSW",1813
2016,"Other","NT",116
2016,"Other","Qld",1644
2016,"Other","SA",438
2016,"Other","Tas",135
2016,"Other","Vic",1853
2016,"Other","WA",643
2017,"Car, pick-up truck or van","ACT",221
2017,"Car, pick-up truck or van","NSW",5012
2017,"Car, pick-up truck or van","NT",212
2017,"Car, pick-up truck or van","Qld",3674
2017,"Car, pick-up truck or van","SA",890
2017,"Car, pick-up truck or van","Tas",212
2017,"Car, pick-up truck or van","Vic",5279
2017,"Car, pick-up truck or van","WA",1091
2017,"Fixed or stationary object","ACT",74
2017,"Fixed or stationary object","NSW",1540
2017,"Fixed or stationary object","NT",93
2017,"Fixed or stationary object","Qld",1224
2017,"Fixed or stationary object","SA",372
2017,"Fixed or stationary object","Tas",110
2017,"Fixed or stationary object","Vic",1509
2017,"Fixed or stationary object","WA",436
2017,"Non-collision transport accident","ACT",219
2017,"Non-collision transport accident","NSW",2638
2017,"Non-collision transport accident","NT",292
2017,"Non-collision transport accident","Qld",2546
2017,"Non-collision transport accident","SA",688
2017,"Non-collision transport accident","Tas",234
2017,"Non-collision transport accident","Vic",2266
2017,"Non-collision transport accident","WA",969
2017,"Other","ACT",118
2017,"Other","NSW",1826
2017,"Other","NT",106
2017,"Other","Qld",1690
2017,"Other","SA",444
2017,"Other","Tas",103
2017,"Other","Vic",1740
2017,"Other","WA",699
2018,"Car, pick-up truck or van","ACT",283
2018,"Car, pick-up truck or van","NSW",4134
2018,"Car, pick-up truck or van","NT",240
2018,"Car, pick-up truck or van","Qld",3749
2018,"Car, pick-up truck or van","SA",926
2018,"Car, pick-up truck or van","Tas",254
2018,"Car, pick-up truck or van","Vic",5675
2018,"Car, pick-up truck or van","WA",1179
2018,"Fixed or stationary object","ACT",79
2018,"Fixed or stationary object","NSW",1410
2018,"Fixed or stationary object","NT",129
2018,"Fixed or stationary object","Qld",1271
2018,"Fixed or stationary object","SA",384
2018,"Fixed or stationary object","Tas",115
2018,"Fixed or stationary object","Vic",1607
2018,"Fixed or stationary object","WA",458
2018,"Non-collision transport accident","ACT",213
2018,"Non-collision transport accident","NSW",2511
2018,"Non-collision transport accident","NT",362
2018,"Non-collision transport accident","Qld",2707
2018,"Non-collision transport accident","SA",729
2018,"Non-collision transport accident","Tas",294
2018,"Non-collision transport accident","Vic",2309
2018,"Non-collision transport accident","WA",958
2018,"Other","ACT",137
2018,"Other","NSW",1739
2018,"Other","NT",101
2018,"Other","Qld",1654
2018,"Other","SA",450
2018,"Other","Tas",118
2018,"Other","Vic",1862
2018,"Other","WA",679
2019,"Car, pick-up truck or van","ACT",243
2019,"Car, pick-up truck or van","NSW",4303
2019,"Car, pick-up truck or van","NT",155
2019,"Car, pick-up truck or van","Qld",3885
2019,"Car, pick-up truck or van","SA",924
2019,"Car, pick-up truck or van","Tas",223
2019,"Car, pick-up truck or van","Vic",5630
2019,"Car, pick-up truck or van","WA",1270
2019,"Fixed or stationary object","ACT",82
2019,"Fixed or stationary object","NSW",1374
2019,"Fixed or stationary object","NT",114
2019,"Fixed or stationary object","Qld",1322
2019,"Fixed or stationary object","SA",354
2019,"Fixed or stationary object","Tas",115
2019,"Fixed or stationary object","Vic",1524
2019,"Fixed or stationary object","WA",512
2019,"Non-collision transport accident","ACT",213
2019,"Non-collision transport accident","NSW",2501
2019,"Non-collision transport accident","NT",277
2019,"Non-collision transport accident","Qld",2611
2019,"Non-collision transport accident","SA",688
2019,"Non-collision transport accident","Tas",213
2019,"Non-collision transport accident","Vic",2214
2019,"Non-collision transport accident","WA",1068
2019,"Other","ACT",127
2019,"Other","NSW",1764
2019,"Other","NT",110
2019,"Other","Qld",1697
2019,"Other","SA",491
2019,"Other","Tas",157
2019,"Other","Vic",2024
2019,"Other","WA",684
2020,"Car, pick-up truck or van","ACT",184
2020,"Car, pick-up truck or van","NSW",3730
2020,"Car, pick-up truck or van","NT",206
2020,"Car, pick-up truck or van","Qld",3742
2020,"Car, pick-up truck or van","SA",916
2020,"Car, pick-up truck or van","Tas",233
2020,"Car, pick-up truck or van","Vic",4190
2020,"Car, pick-up truck or van","WA",1163
2020,"Fixed or stationary object","ACT",86
2020,"Fixed or stationary object","NSW",1405
2020,"Fixed or stationary object","NT",128
2020,"Fixed or stationary object","Qld",1516
2020,"Fixed or stationary object","SA",381
2020,"Fixed or stationary object","Tas",110
2020,"Fixed or stationary object","Vic",1348
2020,"Fixed or stationary object","WA",585
2020,"Non-collision transport accident","ACT",217
2020,"Non-collision transport accident","NSW",2545
2020,"Non-collision transport accident","NT",338
2020,"Non-collision transport accident","Qld",2896
2020,"Non-collision transport accident","SA",783
2020,"Non-collision transport accident","Tas",290
2020,"Non-collision transport accident","Vic",2477
2020,"Non-collision transport accident","WA",1171
2020,"Other","ACT",142
2020,"Other","NSW",1594
2020,"Other","NT",115
2020,"Other","Qld",1647
2020,"Other","SA",423
2020,"Other","Tas",145
2020,"Other","Vic",1869
2020,"Other","WA",717
2021,"Car, pick-up truck or van","ACT",232
2021,"Car, pick-up truck or van","NSW",3454
2021,"Car, pick-up truck or van","NT",205
2021,"Car, pick-up truck or van","Qld",4396
2021,"Car, pick-up truck or van","SA",1093
2021,"Car, pick-up truck or van","Tas",294
2021,"Car, pick-up truck or van","Vic",4984
2021,"Car, pick-up truck or van","WA",1314
2021,"Fixed or stationary object","ACT",82
2021,"Fixed or stationary object","NSW",1314
2021,"Fixed or stationary object","NT",84
2021,"Fixed or stationary object","Qld",1510
2021,"Fixed or stationary object","SA",418
2021,"Fixed or stationary object","Tas",134
2021,"Fixed or stationary object","Vic",1474
2021,"Fixed or stationary object","WA",517
2021,"Non-collision transport accident","ACT",248
2021,"Non-collision transport accident","NSW",2563
2021,"Non-collision transport accident","NT",315
2021,"Non-collision transport accident","Qld",2831
2021,"Non-collision transport accident","SA",670
2021,"Non-collision transport accident","Tas",241
2021,"Non-collision transport accident","Vic",2674
2021,"Non-collision transport accident","WA",1054
2021,"Other","ACT",178
2021,"Other","NSW",1672
2021,"Other","NT",106
2021,"Other","Qld",1710
2021,"Other","SA",451
2021,"Other","Tas",136
2021,"Other","Vic",1998
2021,"Other","WA",683
